auc_roc,f1,precision,recall
0.808597958453998,0.653767035227565,0.5555403818315898,0.794189996485885
